{"cameraMode":{"drawMode":0,"name":"Shaded","section":"Shading Mode"},"sceneLighting":true,"audioPlay":false,"sceneViewState":{"showFog":true,"showMaterialUpdate":false,"showSkybox":true,"showFlares":true,"showImageEffects":true,"showParticleSystems":true},"in2DMode":false,"pivot":{"x":24.7711181640625,"y":129.10626220703126,"z":34.270538330078128},"rotation":{"x":0.34548693895339968,"y":0.6274165511131287,"z":-0.35476192831993105,"w":0.6016696095466614},"size":87.7203369140625,"orthographic":true}