{"cameraMode":{"drawMode":0,"name":"Shaded","section":"Shading Mode"},"sceneLighting":true,"audioPlay":false,"sceneViewState":{"showFog":true,"showMaterialUpdate":false,"showSkybox":true,"showFlares":true,"showImageEffects":true,"showParticleSystems":true},"in2DMode":false,"pivot":{"x":73.36767578125,"y":44.18639373779297,"z":84.633544921875},"rotation":{"x":-0.0068718488328158859,"y":-0.8931658864021301,"z":0.45009854435920718,"w":-0.011279121041297913},"size":95.60204315185547,"orthographic":true}